AD,Andorra,66.9727856696611
AE,United Arab Emirates,6.62279549471941
AF,Afghanistan,88.4103647411437
AG,Antigua and Barbuda,50.3788354383732
AI,Anguilla,5.17105021359069
AL,Albania,75.6855123360231
AM,Armenia,34.3523553708743
AO,Angola,22.0511907820782
AQ,Antarctica,45.7797068381416
AR,Argentina,97.1638014555721
AS,American Samoa,37.3737674462515
AT,Austria,84.1157090680963
AU,Australia,26.3963050714395
AW,Aruba,94.6855441270811
AZ,Azerbaijan,10.5631405689283
BA,Bosnia and Herzegovina,71.5833944145865
BB,Barbados,50.5332546917106
BD,Bangladesh,91.3675696908381
BE,Belgium,37.2976806683378
BF,Burkina Faso,30.0964498741675
BG,Bulgaria,66.2214416114385
BH,Bahrain,14.6048810374169
BI,Burundi,57.0860779083481
BJ,Benin,48.8970866545588
BL,Saint Barthélemy,37.2580167741538
BM,Bermuda,7.68349499069681
BN,Brunei,98.5899702391459
BO,Bolivia,56.6871158294948
BQ,Caribbean Netherlands,10.6929750678137
BR,Brazil,38.4069193391737
BS,Bahamas,19.9757462315562
BT,Bhutan,60.685328775956
BW,Botswana,5.72753916212383
BY,Belarus,59.4932067915282
BZ,Belize,10.2422819029647
CA,Canada,90.026866650764
CC,Cocos (Keeling) Islands,13.3376937534827
CD,Congo (Kinshasa),78.213957660016
CF,Central African Republic,55.6773899025064
CG,Congo (Brazzaville),6.46488172942364
CH,Switzerland,92.8536397261526
CI,Côte d'Ivoire,3.1567343450216
CK,Cook Islands,86.5750333527331
CL,Chile,79.5213987279222
CM,Cameroon,48.7678955987064
CN,China,59.056678807566
CO,Colombia,98.4868007477329
CR,Costa Rica,0.78163621564636
CU,Cuba,60.9665888100587
CV,Cape Verde,35.410514438431
CW,Curaçao,89.0342282506419
CX,Christmas Island,66.6047293971403
CY,Cyprus,57.9099176436058
CZ,Czech Republic,78.368646426705
DE,Germany,4.95861241823069
DJ,Djibouti,94.2442909795359
DK,Denmark,75.3609433232935
DM,Dominica,47.6968368681739
DO,Dominican Republic,99.1307073184343
DZ,Algeria,65.2756695525729
EC,Ecuador,1.32032080116963
EE,Estonia,2.15167516391875
EG,Egypt,28.3703760453923
EH,Western Sahara,93.3670740690076
ER,Eritrea,66.0427314543657
ES,Spain,92.5129195038582
ET,Ethiopia,43.9386540009475
FI,Finland,11.7602145888961
FJ,Fiji,70.2575359731472
FK,Falkland Islands,99.190070510291
FM,Micronesia,13.6860492794709
FO,Faroe Islands,84.7772575628309
FR,France,23.5572869065858
GA,Gabon,12.3921720519946
GB,United Kingdom,54.8912388596313
GD,Grenada,63.2105941475062
GE,Georgia,31.9967168673917
GF,French Guiana,85.6096687299846
GG,Guernsey,75.2518630914312
GH,Ghana,36.1969322166988
GI,Gibraltar,90.7554506913314
GL,Greenland,4.22557366787558
GM,Gambia,51.9483906184789
GN,Guinea,88.4201239114456
GP,Guadeloupe,22.3580972444798
GQ,Equatorial Guinea,20.6542164448863
GR,Greece,82.5714979349209
GS,South Georgia and the South Sandwich Islands,79.7376082333578
GT,Guatemala,36.3193811737912
GU,Guam,91.7057060082923
GW,Guinea-Bissau,56.0346084350883
GY,Guyana,45.3829433059901
HK,Hong Kong,95.1823746546643
HM,Heard and McDonald Islands,13.9965530859835
HN,Honduras,65.5512536987125
HR,Croatia,7.01615464857263
HT,Haiti,25.8243781385422
HU,Hungary,70.0715363098753
ID,Indonesia,38.0632535807911
IE,Ireland,16.8295492222579
IL,Israel,73.8446782279446
IM,Isle of Man,3.37946787849016
IN,India,74.0750979736358
IO,British Indian Ocean Territory,70.9832722001752
IQ,Iraq,23.4517680962445
IR,Iran,19.519744301522
IS,Iceland,54.4241905738446
IT,Italy,27.6338581056456
JE,Jersey,65.404081802308
JM,Jamaica,39.4375960764282
JO,Jordan,30.0520616456627
JP,Japan,20.0686386246676
KE,Kenya,8.0768452229228
KG,Kyrgyzstan,15.6496534401932
KH,Cambodia,83.5214609562384
KI,Kiribati,98.2960981484713
KM,Comoros,76.099235552118
KN,Saint Kitts and Nevis,33.6633297944505
KP,North Korea,71.833470742024
KR,South Korea,19.0544547742305
KW,Kuwait,54.7006277625426
KY,Cayman Islands,97.7324771500296
KZ,Kazakhstan,38.7667730348984
LA,Laos,87.292819262128
LB,Lebanon,18.8783224136979
LC,Saint Lucia,91.535824365685
LI,Liechtenstein,14.2995251780529
LK,Sri Lanka,81.7925062358335
LR,Liberia,30.6450025562814
LS,Lesotho,25.7756141289739
LT,Lithuania,15.3104718650471
LU,Luxembourg,40.8240236160248
LV,Latvia,23.1979714558248
LY,Libya,7.91683058429894
MA,Morocco,11.4668602777838
MC,Monaco,98.2301313771622
MD,Moldova,65.0811308262942
ME,Montenegro,83.3729456572833
MF,Saint Martin,64.7130580802603
MG,Madagascar,17.3821233898052
MH,Marshall Islands,23.3559036660399
MK,North Macedonia,48.1190898439749
ML,Mali,30.7176648016634
MM,Burma,22.1134024617915
MN,Mongolia,45.2476366193342
MO,Macau,14.2534102842412
MP,Northern Mariana Islands,25.2687900006076
MQ,Martinique,94.6865661407835
MR,Mauritania,90.6105028402704
MS,Montserrat,84.778496967704
MT,Malta,51.8513464420646
MU,Mauritius,37.1274697613323
MV,Maldives,2.83462156747109
MW,Malawi,20.9810264879323
MX,Mexico,84.0880353124258
MY,Malaysia,96.8223841356155
MZ,Mozambique,64.3783735090812
NA,Namibia,58.0360161470852
NC,New Caledonia,82.0130166781313
NE,Niger,92.4618766331125
NF,Norfolk Island,86.0311442527705
NG,Nigeria,32.3228421902436
NI,Nicaragua,5.18160735113005
NL,Netherlands,78.5662152163536
NO,Norway,61.5025432324666
NP,Nepal,97.3449967497409
NR,Nauru,3.92719283021039
NU,Niue,68.4585546080925
NZ,New Zealand,21.4123919408997
OM,Oman,77.506362692066
PA,Panama,95.0057672605039
PE,Peru,39.4229021715795
PF,French Polynesia,96.0303305138568
PG,Papua New Guinea,53.200860717494
PH,Philippines,18.8120800256933
PK,Pakistan,77.5168937777332
PL,Poland,19.4051772128994
PM,Saint Pierre and Miquelon,81.7222955954505
PN,Pitcairn,59.3236389526549
PR,Puerto Rico,81.6969206221779
PS,Palestinian Territory,64.0193166671813
PT,Portugal,3.9107382241026
PW,Palau,7.63163032751597
PY,Paraguay,12.5487514590574
QA,Qatar,2.43145714776721
RE,Réunion,40.4964113567109
RO,Romania,31.8604443011427
RS,Serbia,37.0714359219566
RU,Russia,48.1843648198953
RW,Rwanda,19.0587873711268
SA,Saudi Arabia,83.0536343569463
SB,Solomon Islands,71.5178359975338
SC,Seychelles,69.6173768685894
SD,Sudan,62.2512762633228
SE,Sweden,84.4426954330942
SG,Singapore,72.5542607392371
SH,"Saint Helena, Ascension and Tristan da Cunha",2.99995884145528
SI,Slovenia,22.7108167794556
SK,Slovakia,48.9077244606884
SL,Sierra Leone,47.1691727857805
SM,San Marino,9.1603708625359
SN,Senegal,18.1852181955041
SO,Somalia,7.56319062999449
SR,Suriname,36.6749866663148
SS,South Sudan,83.5588884512998
ST,São Tomé and Principe,95.3347865859297
SV,El Salvador,12.842254421757
SX,Sint Maarten,52.472723855191
SY,Syria,96.2083239904372
SZ,Eswatini,82.0566715026963
TC,Turks and Caicos Islands,95.6125221198748
TD,Chad,52.811732590203
TF,French Southern and Antarctic Lands,63.3248071021571
TG,Togo,11.0458808708376
TH,Thailand,54.9000256131404
TJ,Tajikistan,67.0343215609494
TK,Tokelau,44.8504435759703
TL,Timor-Leste,7.20916175002953
TM,Turkmenistan,97.9172576970465
TN,Tunisia,99.6766091724979
TO,Tonga,49.2867472081001
TR,Turkey,9.70986633403775
TT,Trinidad and Tobago,97.6504862349597
TV,Tuvalu,61.7124918014486
TW,Taiwan,61.899945728397
TZ,Tanzania,86.719755431145
UA,Ukraine,66.4945224140162
UG,Uganda,46.4586043586919
UM,United States Minor Outlying Islands,17.8489947257962
US,United States,40.9875269693388
UY,Uruguay,94.7680608551941
UZ,Uzbekistan,83.029771381455
VA,Vatican City,5.56496431813764
VC,Saint Vincent and the Grenadines,78.9883112762857
VE,Venezuela,62.9408512883421
VG,British Virgin Islands,59.6180005913045
VI,U.S. Virgin Islands,3.41945560177228
VN,Vietnam,50.0562402475845
VU,Vanuatu,61.1844970998304
WF,Wallis and Futuna,78.6942822429068
WS,Samoa,98.714463430885
XK,Kosovo,32.0442028640364
YE,Yemen,65.0578849051204
YT,Mayotte,91.9180813500618
ZA,South Africa,53.377567075102
ZM,Zambia,46.3409509141503
ZW,Zimbabwe,93.379243795959
ZZ,Unknown or unassigned country,55.5436321106345
